Quantile (0 is mean),p0_opt,Subopt_p0,sseqs_used,number_iters,runtime
0.0,0.325,0.24598857321806705,12.818,10.818,0.05402200126647949
0.5,NaN,0.07627512202366665,14.0,12.0,0.057000160217285156
0.75,NaN,0.39534746483647804,17.0,15.0,0.07799983024597168
0.95,NaN,0.9493014650830659,21.0,19.0,0.10799980163574219
0.99,NaN,1.3880738380524875,23.0,21.0,0.14100003242492676
